device_id,unique_users,transaction_count,total_transaction_value
D00703,6,67,22806.47
D03703,6,56,13926.16
D02650,6,66,21180.23
D01435,6,63,14148.42
D00695,6,65,17503.72
D00741,5,54,14435.45
D02706,5,45,11710.52
D04429,5,44,13742.67
D01397,5,46,12786.97
D01218,5,40,11212.66
D04371,5,47,11759.24
D00373,5,54,16458.34
D03691,5,53,18378.73
D04454,5,52,15903.70
D00098,5,49,15207.38
D00423,5,46,13126.20
D03105,5,48,11557.09
D00740,5,55,17663.08
D03725,5,49,12487.84
D01146,5,38,10453.11
D00962,5,43,11835.00
D02309,5,52,15063.89
D01736,5,56,13157.34
D08888,5,5,5889.65
D00798,5,43,13388.86
D09999,5,5,3015.80
D03057,5,50,14811.01
D01840,5,55,20363.09
D04258,5,44,14092.04
D00754,5,57,18460.74
D02445,4,33,9384.89
D02828,4,39,10490.76
D02188,4,34,9727.02
D00307,4,43,8279.40
D01798,4,45,10160.09
D02158,4,48,14147.64
D04011,4,26,7761.57
D00958,4,32,8744.42
D03153,4,35,9056.11
D00830,4,35,8464.59
D00563,4,33,9568.70
D03499,4,49,12990.48
D02892,4,40,12907.53
D00448,4,52,12839.11
D02566,4,36,10236.98
D02292,4,40,11838.02
D04376,4,30,10683.88
D00569,4,31,8142.08
D04048,4,40,13293.75
D01035,4,56,17624.44
D04393,4,34,7683.03
D00521,4,47,17567.43
D04065,4,40,10721.38
D01081,4,35,7252.00
D02585,4,41,14313.77
D00809,4,36,9039.11
D00812,4,27,8421.23
D03517,4,21,6520.85
D02942,4,48,20499.85
D04090,4,40,14516.57
D00843,4,28,6725.52
D03407,4,52,16113.60
D02951,4,43,12305.36
D04100,4,49,15385.92
D01955,4,42,8850.75
D04478,4,46,10383.45
D02957,4,32,7351.45
D03877,4,34,10429.11
D00909,4,46,12239.94
D04120,4,32,8437.95
D01147,4,33,9867.05
D01295,4,37,12822.36
D00938,4,43,13750.34
D00129,4,42,9556.97
D01101,4,44,11448.91
D00552,4,43,12861.23
D03138,4,36,9792.67
D03715,4,37,11794.21
D03717,4,36,11020.55
D03567,4,33,7655.85
D01015,4,40,9840.17
D03726,4,39,12900.67
D04200,4,39,10504.28
D03728,4,41,10368.12
D03143,4,42,12496.44
D00886,4,32,9137.68
D03584,4,34,8014.71
D03184,4,50,14521.60
D00764,4,37,10000.45
D01470,4,34,9017.10
D01223,4,24,8165.78
D02265,4,36,10494.22
D00447,4,39,11765.66
D00990,4,47,15115.53
D03622,4,47,11857.54
D00618,4,36,6908.23
D03366,4,44,16037.12
D03465,4,40,9563.87
D01422,4,39,10924.76
D02543,4,34,10905.21
D04286,4,39,11092.93
D02279,3,28,10232.03
D03383,3,34,10743.02
D03386,3,26,6612.17
D03392,3,31,9713.49
D03405,3,29,11552.39
D01000,3,33,10438.42
D00220,3,27,7548.34
D00702,3,34,10802.88
D02312,3,19,6825.64
D00459,3,34,13450.12
D02318,3,21,5832.69
D02328,3,35,11394.98
D03433,3,35,11195.11
D02331,3,25,5762.91
D00461,3,33,9124.61
D02336,3,33,7144.18
D00327,3,30,8480.01
D03450,3,30,9545.84
D01515,3,28,7266.58
D03456,3,35,12286.27
D03458,3,18,4982.11
D03461,3,24,5857.33
D03466,3,29,6488.74
D03469,3,33,15285.05
D01022,3,24,5715.94
D03474,3,28,7581.20
D00067,3,40,9885.96
D01025,3,31,7667.93
D03488,3,22,6993.44
D01524,3,27,6204.28
D00470,3,34,9215.65
D01540,3,43,13939.81
D01034,3,32,10876.35
D00480,3,33,10909.55
D02375,3,32,9850.85
D01556,3,23,5866.53
D00720,3,26,10455.22
D01559,3,27,7293.04
D02385,3,29,10167.20
D01040,3,29,9672.83
D01044,3,37,10306.17
D02391,3,32,12088.86
D01051,3,30,7011.95
D00722,3,29,8187.21
D01575,3,30,9150.39
D02418,3,38,9228.72
D00729,3,32,8062.90
D01577,3,35,9008.13
D02422,3,30,12443.37
D00236,3,25,6360.77
D03603,3,32,7468.35
D00337,3,25,4941.19
D03620,3,40,11363.21
D01586,3,28,8818.08
D02437,3,26,6206.35
D01066,3,30,6707.90
D03640,3,31,12308.76
D02448,3,28,7236.92
D02449,3,28,8334.27
D01599,3,21,6811.22
D00343,3,37,8103.66
D03654,3,29,8383.82
D00491,3,31,7212.17
D03659,3,30,9664.76
D02461,3,28,9386.33
D00735,3,33,8231.76
D00492,3,29,10037.72
D03677,3,28,9327.80
D03678,3,28,7385.30
D02473,3,39,10174.29
D03683,3,37,11067.22
D03686,3,26,9348.77
D03687,3,27,5287.12
D01631,3,39,8597.43
D01086,3,31,7469.16
D00237,3,26,7664.72
D00748,3,36,7585.40
D03707,3,27,9390.27
D00497,3,35,12331.71
D01641,3,35,10216.00
D00070,3,47,15965.73
D01645,3,24,6100.09
D03740,3,28,5513.60
D00240,3,30,7280.48
D00763,3,30,9473.11
D02519,3,35,8493.66
D01656,3,26,5753.24
D01125,3,37,10308.93
D03759,3,27,7808.74
D03761,3,28,8202.69
D00765,3,37,9387.13
D01681,3,18,7209.68
D02534,3,23,8455.17
D02536,3,25,7954.50
D01684,3,38,10171.88
D03776,3,33,10041.25
D02541,3,29,7011.32
D01687,3,23,5853.32
D03791,3,35,10171.04
D01129,3,32,8266.70
D01134,3,20,5372.88
D03803,3,30,7925.37
D03804,3,29,6499.30
D00244,3,43,10720.51
D03809,3,36,9964.31
D02561,3,23,5419.13
D02562,3,27,6175.89
D02564,3,24,7452.22
D00519,3,28,7732.74
D03829,3,27,9052.48
D00782,3,24,7503.58
D02577,3,36,9886.75
D01713,3,33,8521.18
D01141,3,33,9724.38
D03857,3,36,10301.77
D02591,3,43,11418.79
D00102,3,33,11102.65
D02593,3,25,8062.35
D01720,3,29,6747.80
D03883,3,25,7142.67
D00527,3,24,6027.74
D03899,3,31,11470.21
D02611,3,31,7624.36
D00536,3,29,6418.59
D02619,3,31,8304.73
D01749,3,27,7387.71
D00794,3,46,11357.85
D03914,3,27,10195.29
D02627,3,28,12324.09
D00537,3,27,6046.70
D03925,3,26,11097.39
D02635,3,39,10647.30
D01756,3,32,7795.53
D01760,3,28,7569.06
D02640,3,36,11606.15
D02643,3,24,5664.99
D00359,3,29,9749.02
D01767,3,18,8107.82
D01162,3,25,8929.24
D03955,3,27,8215.67
D03959,3,44,17256.47
D02651,3,23,5454.40
D03967,3,36,9409.27
D03972,3,22,4294.45
D01167,3,27,7456.22
D00360,3,29,8354.52
D03981,3,33,9340.83
D03984,3,33,9506.19
D01785,3,37,11892.12
D03987,3,38,10167.21
D01174,3,31,8730.26
D00801,3,35,8873.73
D03995,3,36,10208.78
D00803,3,30,9063.65
D02682,3,33,10830.49
D04005,3,30,8860.96
D04006,3,32,12703.88
D04022,3,30,9141.07
D02692,3,31,11037.42
D02693,3,31,9963.66
D01182,3,31,8270.42
D00361,3,39,8848.43
D01808,3,39,11147.65
D04040,3,29,6458.99
D00543,3,31,6584.14
D02713,3,27,8352.23
D04049,3,38,11416.27
D01191,3,32,10357.04
D04060,3,34,8520.80
D04062,3,29,7572.50
D04075,3,37,11090.52
D04076,3,30,8102.22
D01821,3,34,9158.06
D01822,3,25,6628.40
D04093,3,29,9382.32
D02731,3,29,9909.02
D00813,3,43,16564.41
D04102,3,24,7227.69
D04114,3,29,7790.76
D04117,3,31,8323.78
D02733,3,27,9017.19
D02735,3,29,9007.54
D04131,3,42,11199.73
D01208,3,30,7952.04
D04141,3,33,10106.18
D04145,3,35,11235.90
D04151,3,35,9454.37
D02745,3,20,7878.21
D02746,3,28,8199.42
D02758,3,31,8090.06
D04165,3,21,5590.11
D01210,3,29,6167.35
D04185,3,27,6958.23
D04189,3,30,9986.85
D01838,3,28,6240.83
D01848,3,33,8957.79
D01211,3,23,5302.33
D04205,3,32,8583.47
D01853,3,20,4161.81
D04212,3,23,6323.00
D04219,3,36,9766.45
D02778,3,37,10326.76
D01212,3,29,7367.54
D01216,3,22,5668.88
D02784,3,35,6835.29
D01221,3,34,7848.74
D04238,3,30,8372.55
D00816,3,40,10870.14
D04252,3,30,7374.46
D00821,3,26,7249.30
D02809,3,27,8447.27
D02817,3,28,6434.70
D04266,3,43,12636.00
D00554,3,24,8191.63
D04271,3,26,7544.40
D02820,3,41,14287.86
D00256,3,39,15152.58
D00259,3,30,8014.97
D02829,3,31,7141.87
D01287,3,28,8424.43
D01886,3,28,6440.88
D02854,3,19,4934.47
D00561,3,30,10131.22
D04313,3,31,12563.00
D02877,3,26,7219.41
D01252,3,26,6880.99
D02880,3,29,11794.49
D02883,3,24,8113.00
D01907,3,32,7515.28
D02891,3,31,9571.60
D01264,3,38,9873.09
D04363,3,24,7177.46
D01268,3,42,14118.66
D04372,3,23,5564.32
D04387,3,27,7623.92
D00841,3,25,7433.10
D02911,3,30,8101.83
D01935,3,39,11820.88
D04403,3,30,8574.55
D02913,3,24,7813.54
D01943,3,36,10021.69
D01947,3,27,8414.06
D02934,3,26,6687.81
D04411,3,26,10979.20
D02937,3,31,9797.24
D04419,3,32,8369.53
D00375,3,28,8006.15
D02946,3,39,11855.93
D04444,3,25,7742.35
D02952,3,23,6717.78
D04470,3,38,12215.29
D01954,3,32,8181.95
D01959,3,46,10417.36
D04489,3,25,7675.09
D01963,3,26,12500.75
D04493,3,29,7672.46
D00584,3,27,8352.86
D01285,3,30,9193.34
D02968,3,33,8935.24
D02841,3,34,10246.19
D02974,3,25,6378.00
D02977,3,29,10691.13
D02979,3,41,13471.75
D00585,3,24,4702.84
D00591,3,25,5216.58
D01298,3,22,5549.70
D00852,3,24,5659.13
D03011,3,17,3360.76
D01309,3,29,8455.31
D01311,3,34,9262.92
D01319,3,30,7945.65
D03024,3,33,10089.18
D00595,3,28,12287.76
D01322,3,39,12457.30
D00263,3,24,8135.93
D00598,3,36,9860.33
D00868,3,35,8297.01
D01328,3,36,10232.61
D01332,3,28,8651.87
D02010,3,25,6211.36
D00073,3,30,7784.94
D03055,3,26,7626.16
D00874,3,20,4891.58
D02021,3,26,5815.85
D00266,3,39,7847.45
D02028,3,28,8740.38
D00043,3,29,8572.13
D00615,3,25,7774.34
D01348,3,24,7172.86
D03086,3,41,13520.77
D02045,3,31,9615.07
D00039,3,29,6763.11
D02047,3,29,9407.85
D01363,3,26,8985.79
D00626,3,37,10902.55
D03117,3,28,9156.80
D03119,3,33,10779.65
D01368,3,28,5888.10
D00113,3,29,7188.65
D03125,3,35,10117.01
D00896,3,28,7278.18
D03127,3,25,8034.11
D02064,3,24,6409.56
D03134,3,28,7250.56
D00066,3,30,7000.39
D00090,3,21,9605.68
D01391,3,25,4881.56
D02092,3,28,8091.31
D00640,3,23,5752.11
D00917,3,34,11471.67
D00643,3,40,13606.87
D02128,3,28,6736.62
D03180,3,25,6967.80
D02132,3,23,5201.41
D03186,3,35,8273.70
D03188,3,42,13585.50
D00922,3,24,5628.25
D03195,3,29,8093.32
D01408,3,28,8277.37
D03199,3,32,9236.55
D03207,3,25,8478.18
D03210,3,35,11479.21
D03211,3,36,11983.92
D00304,3,24,7968.43
D03219,3,28,5897.64
D01417,3,24,7437.87
D00656,3,38,11856.59
D03243,3,21,6226.23
D03250,3,24,7578.84
D03252,3,34,8998.52
D02171,3,28,10139.82
D03256,3,25,7595.53
D02176,3,29,8095.21
D00428,3,25,7240.70
D00672,3,26,5909.13
D03279,3,25,4916.91
D03281,3,28,8954.92
D03282,3,21,7256.27
D03284,3,34,7451.04
D02192,3,35,10506.43
D00179,3,36,9096.83
D00440,3,18,5103.26
D02205,3,31,6449.01
D01440,3,29,11420.51
D03313,3,34,14305.21
D00965,3,28,11226.48
D00970,3,27,8257.10
D00216,3,36,13017.48
D02226,3,25,7772.35
D02234,3,38,10590.93
D03337,3,30,11796.24
D00976,3,29,9146.74
D00983,3,21,6374.67
D00446,3,28,9991.69
D01467,3,32,11009.10
D01478,3,29,9738.87
D02277,3,32,9908.85
D03373,3,48,12618.22
D03376,3,23,6963.44
D03378,3,28,5002.26
D02225,2,20,8973.60
D02236,2,25,5995.20
D02241,2,18,5730.43
D02242,2,20,5196.98
D02255,2,17,4230.02
D02256,2,26,7122.39
D02267,2,18,6122.02
D02269,2,20,6671.58
D02276,2,20,8804.13
D02281,2,24,7369.09
D02282,2,15,4407.31
D02295,2,15,4268.56
D02297,2,22,5842.86
D02299,2,21,5611.27
D02314,2,15,5993.98
D02316,2,23,6783.37
D02324,2,20,4335.89
D02332,2,19,4446.45
D02338,2,23,6321.51
D02341,2,21,5358.77
D02348,2,25,8455.80
D02352,2,21,5678.68
D02354,2,21,5629.22
D02355,2,22,7047.34
D02357,2,18,3553.81
D02364,2,18,5681.19
D02365,2,23,5679.66
D02370,2,24,5995.89
D02371,2,17,2685.38
D02377,2,18,3533.68
D02383,2,19,4751.07
D02384,2,21,6491.33
D02388,2,19,5893.08
D02390,2,21,7164.00
D02402,2,26,6786.25
D02405,2,27,9207.81
D02413,2,18,6486.81
D02419,2,25,7921.32
D02421,2,21,5617.70
D02427,2,26,6651.18
D02430,2,18,3331.26
D02433,2,20,5830.57
D02442,2,23,10114.27
D02452,2,12,3958.86
D02455,2,21,7040.20
D02456,2,23,6190.63
D02462,2,18,5712.46
D02467,2,21,6501.88
D02470,2,24,8031.66
D02475,2,23,6085.31
D02476,2,21,5840.77
D02477,2,15,8745.24
D02480,2,18,5353.85
D02484,2,19,6850.01
D02485,2,17,3538.73
D02490,2,27,8686.90
D02495,2,16,5031.98
D02496,2,17,5239.07
D02498,2,27,8774.33
D02500,2,29,9828.40
D02501,2,15,3657.32
D02503,2,17,4448.16
D02504,2,17,4809.19
D02520,2,14,5606.94
D02523,2,20,4225.57
D02527,2,15,4173.13
D02529,2,24,4328.17
D02531,2,20,5397.80
D02538,2,21,7546.01
D02547,2,15,6016.04
D02553,2,29,12528.04
D02554,2,23,7269.72
D02557,2,23,6650.84
D02560,2,20,3586.33
D02571,2,19,4253.27
D02574,2,17,7255.23
D02575,2,21,8334.16
D02578,2,21,7403.18
D02590,2,18,4289.35
D02592,2,23,4429.01
D02595,2,23,6992.73
D02599,2,26,7132.87
D02600,2,23,9022.56
D02604,2,19,5389.96
D02607,2,25,7234.16
D02616,2,16,2683.64
D02620,2,22,5722.65
D02623,2,26,7773.54
D02628,2,17,6230.31
D02637,2,19,7566.83
D02639,2,21,5408.91
D02645,2,28,6231.52
D02647,2,24,6551.48
D02649,2,29,9513.39
D02652,2,17,4172.89
D02656,2,18,4089.99
D02660,2,33,8026.48
D02662,2,23,6916.18
D02663,2,20,5744.37
D02674,2,19,4938.31
D02680,2,22,6986.25
D02690,2,20,5882.40
D02698,2,22,7323.77
D02701,2,18,4574.31
D02702,2,18,5997.07
D02707,2,21,4113.84
D02714,2,19,4649.41
D02716,2,20,6898.07
D02717,2,16,3831.05
D02720,2,22,5575.95
D02726,2,20,6257.08
D02732,2,21,6035.84
D02739,2,11,2038.25
D02754,2,16,5035.92
D02764,2,17,4556.16
D02765,2,19,7079.19
D02766,2,13,5523.85
D02768,2,20,5157.92
D02773,2,21,6974.68
D02775,2,20,5905.27
D02779,2,19,4959.17
D02780,2,22,8119.79
D02787,2,19,4204.57
D02788,2,22,6090.99
D02792,2,25,7326.37
D02797,2,21,8068.32
D02808,2,27,8760.72
D02818,2,11,5894.30
D02821,2,26,8875.50
D02822,2,14,3589.18
D02846,2,20,5535.61
D02847,2,20,5344.81
D02866,2,16,5210.67
D02879,2,18,3604.59
D02884,2,20,5833.20
D02886,2,18,4560.21
D02890,2,18,8037.56
D02895,2,15,4001.91
D02897,2,24,8366.70
D02904,2,15,4791.89
D02907,2,15,2690.36
D02912,2,31,7634.69
D02925,2,25,9921.40
D02933,2,19,7415.52
D02943,2,18,8213.05
D02947,2,17,4739.17
D02953,2,12,3415.07
D02956,2,23,7925.13
D02959,2,19,4865.40
D02961,2,15,5141.64
D02964,2,20,5965.13
D02965,2,15,3363.68
D02972,2,15,3780.22
D02985,2,22,5683.28
D02993,2,6,3611.24
D02997,2,16,5099.88
D02998,2,12,2876.82
D03010,2,25,9809.79
D03012,2,17,3612.32
D03017,2,22,7187.66
D03022,2,13,2828.95
D03028,2,21,5549.52
D03029,2,15,3894.26
D03035,2,19,4976.66
D03045,2,22,6066.80
D03047,2,20,4734.23
D03048,2,23,3965.03
D03050,2,20,7460.90
D03051,2,19,4468.96
D03052,2,12,4410.76
D03058,2,22,5466.61
D03059,2,16,4731.27
D03063,2,20,5493.31
D03064,2,19,5067.85
D03066,2,17,4090.33
D03073,2,21,8477.17
D03078,2,15,5585.76
D03082,2,15,3171.22
D03083,2,20,5882.10
D03090,2,17,5099.26
D03092,2,27,7174.18
D03095,2,27,8272.86
D03109,2,20,5651.79
D03115,2,20,3969.70
D03121,2,16,3299.75
D03124,2,25,5374.89
D03126,2,18,6921.69
D03130,2,17,6326.95
D03135,2,19,4547.72
D03136,2,13,3723.94
D03146,2,19,5309.56
D03149,2,17,6053.18
D03151,2,19,4166.14
D03156,2,23,6723.36
D03158,2,20,4921.92
D03162,2,14,2849.13
D03172,2,15,4381.93
D03175,2,18,6005.18
D03182,2,16,5346.63
D03192,2,21,3800.62
D03198,2,22,6532.44
D03212,2,25,6798.19
D03223,2,16,4532.94
D03226,2,19,3956.03
D03235,2,19,7189.45
D03238,2,19,4632.69
D03239,2,22,5686.03
D03240,2,18,6040.95
D03253,2,20,4802.50
D03257,2,18,4901.37
D03261,2,19,5070.10
D03262,2,26,6781.13
D03263,2,18,4957.92
D03265,2,21,10376.40
D03271,2,11,3944.80
D03291,2,13,4261.04
D03292,2,17,3732.15
D03294,2,18,4103.44
D03296,2,28,8576.35
D03298,2,13,4147.97
D03305,2,25,7583.82
D03309,2,17,4355.59
D03310,2,20,5028.69
D03319,2,24,6177.11
D03322,2,19,5761.48
D03327,2,21,6266.29
D03330,2,32,11003.52
D03334,2,30,6615.69
D03340,2,21,7484.45
D03346,2,21,6235.39
D03349,2,19,5028.11
D03351,2,22,6160.10
D03352,2,15,3199.64
D03353,2,15,2715.90
D03355,2,21,4781.85
D03360,2,22,5756.33
D03362,2,20,5753.58
D03368,2,24,4988.07
D03381,2,20,4835.03
D03385,2,27,5379.41
D03396,2,18,2325.86
D03404,2,18,5881.66
D03406,2,20,6126.04
D03408,2,19,4918.50
D03410,2,35,5972.83
D03412,2,29,8067.69
D03413,2,20,6390.68
D03418,2,14,2700.13
D03419,2,17,3996.65
D03422,2,22,5742.43
D03427,2,22,9329.59
D03430,2,23,8430.82
D03434,2,22,4605.68
D03439,2,24,4325.38
D03440,2,26,9840.26
D03445,2,14,5737.07
D03455,2,22,4483.95
D03470,2,24,5468.56
D03476,2,17,5156.83
D03483,2,25,6706.77
D03492,2,33,9831.80
D03493,2,13,3263.91
D03502,2,16,5599.21
D03504,2,17,3737.17
D03506,2,28,6302.08
D03511,2,27,10264.92
D03524,2,23,5983.89
D03528,2,17,3255.32
D03538,2,18,3365.82
D03546,2,28,6968.78
D03553,2,13,2828.49
D03554,2,22,6837.57
D03555,2,23,6761.31
D03561,2,19,5400.68
D03566,2,25,7487.22
D03570,2,29,14107.37
D03573,2,22,5861.29
D03578,2,26,7176.89
D03581,2,23,5541.83
D03586,2,15,4350.89
D03587,2,15,4787.10
D03590,2,14,4267.84
D03604,2,21,7662.87
D03625,2,20,5417.94
D03630,2,28,7032.69
D03639,2,19,5671.12
D03642,2,18,3130.07
D03644,2,22,8210.65
D03647,2,25,6162.02
D03652,2,23,6830.83
D03653,2,24,7595.39
D03655,2,15,4046.64
D03660,2,18,7474.90
D03666,2,17,5815.94
D03675,2,27,8054.17
D03680,2,21,5695.30
D03681,2,15,4211.21
D03682,2,16,4961.33
D03685,2,22,6274.96
D03695,2,21,7374.35
D03699,2,24,6278.10
D03700,2,25,7342.13
D03704,2,20,8595.94
D03709,2,21,6197.56
D03710,2,23,9097.88
D03714,2,27,7493.49
D03720,2,22,6386.75
D03723,2,26,8594.70
D03731,2,22,7445.84
D03743,2,16,3916.05
D03745,2,20,9490.96
D03746,2,13,4064.74
D03750,2,15,2868.48
D03751,2,21,6067.54
D03758,2,22,6132.39
D03766,2,20,7933.91
D03767,2,18,5256.20
D03771,2,17,5581.91
D03774,2,13,5429.28
D03775,2,17,4124.30
D03780,2,18,5429.56
D03786,2,23,5712.82
D03787,2,18,4551.80
D03793,2,26,9389.11
D03794,2,17,3812.97
D03798,2,31,8458.00
D03807,2,22,6820.93
D03812,2,13,4821.87
D03813,2,22,6274.52
D03817,2,19,4439.10
D03818,2,18,5848.40
D03822,2,21,10471.87
D03838,2,19,5321.72
D03840,2,23,7083.21
D03842,2,25,10047.01
D03847,2,22,4924.18
D03852,2,20,6038.35
D03856,2,21,7436.74
D03858,2,12,3457.67
D03859,2,25,9596.67
D03869,2,29,7439.09
D03875,2,24,6694.99
D03887,2,19,4539.84
D03894,2,26,6444.62
D03896,2,14,2689.31
D03898,2,25,6073.16
D03900,2,17,3067.79
D03901,2,16,5891.36
D00002,2,20,5181.15
D03904,2,21,7233.30
D03907,2,20,4480.02
D03918,2,18,5096.56
D03922,2,17,5172.19
D03930,2,24,7477.17
D03932,2,19,5456.50
D03940,2,20,5747.47
D03945,2,20,6061.60
D03946,2,20,6416.08
D03948,2,21,4297.09
D03950,2,21,4177.92
D03951,2,27,6970.46
D03961,2,14,3531.80
D03963,2,17,3597.26
D03970,2,16,5072.81
D03977,2,23,6291.54
D03979,2,21,6437.45
D03986,2,13,2955.05
D03988,2,18,5626.87
D03992,2,18,4645.37
D03997,2,21,6974.46
D03999,2,21,6966.75
D04003,2,13,3769.78
D04026,2,18,5593.59
D04027,2,27,7395.59
D04028,2,15,3226.68
D04029,2,24,4902.58
D04031,2,22,7928.60
D04042,2,15,3626.47
D04043,2,18,3497.71
D04045,2,19,4776.48
D04055,2,21,8163.46
D04083,2,21,6333.03
D04084,2,22,7784.40
D04085,2,24,9352.10
D04086,2,16,3974.71
D04095,2,23,7757.73
D04099,2,10,2364.46
D04118,2,27,10419.85
D04128,2,31,9329.28
D04135,2,17,4520.25
D04155,2,8,1740.47
D04157,2,18,5114.17
D04159,2,18,3617.04
D04164,2,22,11074.11
D04181,2,21,8491.03
D04190,2,24,7168.94
D04192,2,15,2596.63
D04199,2,11,2119.74
D04204,2,23,5280.35
D04206,2,26,6596.86
D04222,2,21,7195.12
D04224,2,21,7518.44
D04226,2,18,3498.80
D04229,2,12,2827.52
D04231,2,21,6995.86
D04233,2,21,6495.93
D04244,2,16,4247.56
D04250,2,19,4254.92
D04260,2,19,6020.36
D04263,2,14,5789.56
D04265,2,27,7885.03
D04269,2,20,5310.79
D04275,2,22,7297.26
D04283,2,28,6192.80
D04288,2,22,7304.36
D04289,2,29,8546.08
D04293,2,21,3769.68
D04298,2,20,7240.44
D04305,2,19,8382.62
D04308,2,22,7296.03
D04310,2,20,8912.38
D04312,2,14,3806.51
D04316,2,16,3549.16
D04320,2,20,8692.55
D04328,2,21,4746.18
D04333,2,24,7617.08
D04334,2,12,3510.67
D04338,2,15,4445.08
D04344,2,27,6374.95
D04346,2,17,2509.36
D04347,2,22,7627.37
D04361,2,14,4190.16
D04365,2,21,5059.95
D04383,2,18,4274.17
D04388,2,21,5073.76
D04392,2,19,5521.53
D04396,2,20,6270.36
D04404,2,22,5118.57
D04406,2,18,4725.03
D04407,2,15,4332.72
D04409,2,27,8034.30
D04414,2,16,5320.76
D04421,2,17,3927.40
D04426,2,22,6685.74
D04434,2,26,6607.21
D04436,2,14,2957.39
D04450,2,18,3958.18
D04453,2,22,5927.14
D04471,2,21,4358.63
D04476,2,20,4844.30
D04484,2,22,6552.26
D04487,2,23,5755.02
D04491,2,22,7293.84
D04494,2,30,7753.37
D04496,2,23,4540.29
D04497,2,21,4526.83
D03902,2,22,6655.31
D00012,2,21,7867.32
D00021,2,15,4019.38
D00022,2,29,8497.12
D00026,2,22,5201.98
D00036,2,25,6629.57
D00044,2,16,5210.37
D00048,2,18,7106.81
D00049,2,17,5052.27
D00051,2,23,7057.33
D00053,2,20,4832.63
D00055,2,23,6701.48
D00060,2,17,4417.37
D00061,2,24,8461.83
D00063,2,17,4635.18
D00077,2,14,4604.56
D00079,2,18,4798.44
D00088,2,25,5922.13
D00094,2,21,7066.92
D00097,2,20,5390.42
D00104,2,12,3599.26
D00108,2,23,5144.63
D00112,2,24,10642.97
D00116,2,22,10224.88
D00123,2,29,6342.66
D00131,2,25,8339.64
D00134,2,19,5600.14
D00135,2,19,6053.31
D00137,2,26,6951.73
D00147,2,25,4718.15
D00153,2,24,8773.32
D00154,2,13,3388.60
D00157,2,30,8386.95
D00173,2,17,4081.56
D00175,2,18,5285.84
D00177,2,13,4647.00
D00180,2,22,5959.02
D00185,2,18,4480.07
D00187,2,19,5588.86
D00189,2,24,9303.99
D00195,2,27,5557.11
D00203,2,19,7240.04
D00204,2,18,5780.09
D00205,2,17,5553.81
D00208,2,24,5143.79
D00211,2,20,6905.33
D00212,2,20,5079.61
D00213,2,19,5164.74
D00227,2,26,7925.39
D00238,2,22,7198.18
D00243,2,25,6181.72
D00248,2,15,2597.82
D00264,2,10,2190.99
D00269,2,21,5585.32
D00274,2,16,3133.52
D00275,2,19,4272.11
D00279,2,21,5921.23
D00301,2,21,4296.47
D00314,2,24,8216.52
D00321,2,21,5663.94
D00324,2,19,5448.31
D00325,2,21,6483.17
D00328,2,12,3571.98
D00335,2,29,7731.51
D00344,2,26,5495.68
D00345,2,18,7318.83
D00346,2,15,2121.30
D00347,2,18,4277.24
D00356,2,27,5922.57
D00358,2,24,5735.17
D00363,2,17,6329.30
D00372,2,23,8450.06
D00377,2,22,6113.30
D00379,2,26,9904.64
D00386,2,26,6563.36
D00390,2,17,4514.41
D00407,2,20,5710.79
D00414,2,21,6934.83
D00415,2,23,6302.57
D00418,2,15,4392.22
D00421,2,15,7064.31
D00424,2,20,5220.49
D00425,2,20,6122.69
D00436,2,28,9750.77
D00444,2,14,4886.26
D00455,2,21,5075.11
D00463,2,17,5804.84
D00466,2,21,5080.08
D00481,2,20,7450.65
D00482,2,14,3585.39
D00489,2,21,8014.70
D00496,2,19,5508.38
D00504,2,24,7702.03
D00508,2,31,8395.96
D00511,2,21,6338.91
D00512,2,21,4423.48
D00522,2,27,6430.19
D00538,2,31,8999.58
D00541,2,16,3960.23
D00542,2,27,6535.04
D00555,2,20,6550.87
D00557,2,11,3573.17
D00559,2,18,5058.94
D00571,2,19,6322.95
D00597,2,20,5077.96
D00600,2,17,3766.87
D00608,2,20,5844.30
D00613,2,18,6237.48
D00623,2,27,6758.28
D00627,2,18,4421.57
D00631,2,18,4576.08
D00639,2,26,8419.37
D00647,2,20,7037.41
D00648,2,24,8302.15
D00652,2,13,4578.07
D00657,2,15,6654.65
D00662,2,23,4024.57
D00677,2,26,6743.17
D00678,2,10,2762.94
D00685,2,30,6699.57
D00688,2,20,8419.40
D00691,2,22,4996.34
D00696,2,13,3343.22
D00699,2,21,5535.96
D00704,2,34,6889.21
D00706,2,28,9891.27
D00711,2,15,2846.81
D00712,2,25,6568.28
D00713,2,25,10858.27
D00715,2,23,8938.54
D00730,2,24,5334.41
D00731,2,16,5510.70
D00732,2,19,4532.72
D00734,2,20,5883.42
D00738,2,29,8332.36
D00745,2,17,3847.31
D00749,2,20,3679.72
D00753,2,22,6162.44
D00762,2,15,4024.58
D00766,2,18,4907.06
D00773,2,21,8777.16
D00780,2,21,7412.53
D00783,2,19,5018.82
D00786,2,20,4223.14
D00790,2,24,7233.92
D00793,2,19,5972.98
D00795,2,20,5250.79
D00797,2,24,4570.49
D00800,2,17,3708.85
D00805,2,26,6281.93
D00807,2,20,4834.79
D00814,2,23,4109.84
D00823,2,21,5161.26
D00824,2,16,5437.53
D00826,2,16,5034.27
D00827,2,19,3600.49
D00828,2,17,7307.02
D00831,2,22,5482.98
D00834,2,17,3466.54
D00842,2,24,6697.12
D00846,2,29,8478.63
D00847,2,19,7245.39
D00850,2,13,2891.64
D00857,2,24,43118.98
D00863,2,17,4756.67
D00865,2,22,9216.29
D00871,2,15,3273.93
D00875,2,17,3450.07
D00877,2,15,3953.26
D00884,2,19,4332.66
D00889,2,17,4756.99
D00890,2,19,5147.53
D00891,2,21,7909.15
D00895,2,28,6808.78
D00899,2,18,5742.17
D00911,2,24,6348.66
D00912,2,17,3963.00
D00921,2,20,5271.29
D00928,2,24,5930.26
D00930,2,29,6522.11
D00934,2,14,3757.38
D00936,2,16,5446.56
D00940,2,25,7984.66
D00943,2,20,6260.43
D00946,2,19,3895.99
D00951,2,22,6051.83
D00956,2,27,4772.21
D00971,2,17,2324.80
D00986,2,16,3643.19
D00988,2,25,7949.69
D00995,2,29,6151.50
D00999,2,21,6256.77
D01003,2,28,10036.02
D01006,2,14,3883.51
D01009,2,14,2314.77
D01013,2,19,5715.19
D01017,2,16,5860.83
D01018,2,27,9358.30
D01023,2,13,4003.38
D01026,2,16,4657.78
D01036,2,21,4756.78
D01039,2,22,7076.26
D01052,2,23,4446.98
D01057,2,23,6145.08
D01058,2,19,6157.03
D01065,2,19,4719.90
D01069,2,21,4720.55
D01071,2,19,4514.12
D01072,2,21,5333.83
D01075,2,23,7066.53
D01077,2,29,7552.99
D01084,2,17,2861.43
D01093,2,25,6921.86
D01095,2,22,4447.20
D01100,2,27,9384.15
D01103,2,17,4135.12
D01110,2,15,3755.80
D01112,2,24,6666.70
D01118,2,20,5186.86
D01124,2,22,6375.09
D01128,2,17,3321.76
D01132,2,22,5047.78
D01136,2,30,6244.17
D01137,2,17,4797.65
D01138,2,22,5664.68
D01139,2,13,3406.33
D01144,2,24,5394.95
D01152,2,16,4997.08
D01154,2,16,4234.75
D01158,2,22,5784.43
D01160,2,26,7532.64
D01161,2,19,6138.99
D01165,2,20,4377.45
D01173,2,26,8228.72
D01177,2,26,8533.00
D01181,2,23,6723.15
D01186,2,12,1631.59
D01190,2,18,6621.43
D01193,2,21,6518.31
D01195,2,13,3445.24
D01200,2,26,7369.48
D01209,2,22,8098.67
D01226,2,30,8087.94
D01229,2,22,10693.91
D01233,2,20,6088.99
D01242,2,22,6609.64
D01243,2,18,5107.52
D01247,2,18,3648.51
D01249,2,18,6566.87
D01258,2,17,3062.91
D01263,2,27,12399.27
D01270,2,17,5017.52
D01271,2,25,6802.29
D01273,2,16,3428.53
D01274,2,22,5363.19
D01275,2,17,4662.17
D01291,2,16,3263.28
D01296,2,10,1972.68
D01303,2,14,5717.93
D01320,2,15,3871.13
D01323,2,18,4377.41
D01324,2,20,5289.15
D01327,2,19,4138.72
D01333,2,31,8115.02
D01335,2,20,6053.26
D01338,2,22,6212.00
D01339,2,19,4871.39
D01345,2,19,7142.61
D01351,2,18,4719.70
D01352,2,15,3391.17
D01353,2,13,2531.03
D01366,2,20,6613.24
D01369,2,14,4630.88
D01372,2,23,5444.65
D01373,2,19,5240.21
D01377,2,18,2652.23
D01387,2,24,7122.56
D01394,2,24,7274.21
D01399,2,20,5501.71
D01402,2,17,5080.55
D01407,2,19,3691.30
D01411,2,17,3280.60
D01414,2,23,10475.87
D01423,2,22,4050.76
D01424,2,27,7281.20
D01427,2,26,6911.07
D01430,2,18,5327.43
D01434,2,27,6369.34
D01436,2,14,2867.31
D01437,2,23,8524.70
D01438,2,21,10527.31
D01439,2,17,4833.29
D01447,2,29,8869.74
D01452,2,25,5688.21
D01454,2,18,5364.26
D01463,2,10,2785.77
D01464,2,12,3414.28
D01465,2,22,5674.56
D01466,2,20,5616.23
D01474,2,27,7689.03
D01475,2,25,8370.10
D01479,2,21,8020.71
D01482,2,27,8937.21
D01486,2,17,5669.69
D01499,2,22,6747.68
D01504,2,16,3039.33
D01507,2,19,4992.67
D01508,2,18,4590.29
D01510,2,19,4963.52
D01512,2,22,7752.71
D01514,2,17,5752.40
D01516,2,24,5612.51
D01522,2,21,5550.86
D01523,2,19,4399.73
D01538,2,14,2793.83
D01545,2,14,4739.19
D01546,2,48,15934.47
D01553,2,18,4837.83
D01558,2,22,4034.46
D01562,2,21,6726.25
D01566,2,24,7650.74
D01570,2,24,5520.40
D01572,2,15,4305.30
D01576,2,24,9578.00
D01581,2,14,3547.48
D01582,2,16,3659.01
D01592,2,25,5847.43
D01603,2,19,5847.20
D01607,2,17,4246.56
D01609,2,11,3040.68
D01615,2,18,4510.56
D01624,2,30,9075.28
D01625,2,27,7853.83
D01627,2,15,3862.48
D01632,2,25,7705.65
D01634,2,22,6277.00
D01636,2,19,5182.79
D01639,2,25,6858.18
D01640,2,14,2625.82
D01644,2,15,4444.29
D01649,2,15,2806.18
D01650,2,19,5034.40
D01655,2,23,7308.43
D01662,2,17,4745.81
D01665,2,20,4253.53
D01670,2,24,7356.94
D01689,2,15,3826.99
D01693,2,18,4834.63
D01694,2,23,9483.18
D01696,2,22,5228.71
D01699,2,15,4659.32
D01701,2,17,5057.40
D01706,2,16,6574.19
D01715,2,21,4911.41
D01718,2,15,3615.06
D01721,2,17,5774.31
D01732,2,23,8519.11
D01733,2,13,2567.58
D01740,2,17,4462.75
D01751,2,15,3767.25
D01752,2,23,4879.67
D01762,2,13,3105.53
D01768,2,28,7502.03
D01777,2,22,4473.82
D01780,2,21,6440.79
D01782,2,24,5988.12
D01786,2,31,6108.40
D01790,2,19,5253.94
D01793,2,23,6804.74
D01806,2,24,5593.55
D01807,2,21,6382.13
D01809,2,21,7099.94
D01815,2,22,4807.07
D01817,2,24,4590.67
D01819,2,21,5495.71
D01827,2,27,7424.82
D01828,2,19,4886.84
D01834,2,22,6466.73
D01835,2,16,3666.22
D01851,2,14,4512.96
D01854,2,22,7058.15
D01858,2,24,5416.93
D01868,2,15,3392.64
D01870,2,21,6224.17
D01876,2,22,4841.56
D01880,2,18,6615.52
D01882,2,25,7266.28
D01883,2,23,4441.36
D01884,2,17,5602.33
D01885,2,23,5698.97
D01895,2,17,4552.15
D01900,2,20,3731.27
D01903,2,28,6948.16
D01908,2,20,7111.45
D01909,2,15,6771.85
D01914,2,23,5025.98
D01920,2,23,5192.92
D01932,2,23,5549.47
D01934,2,25,6583.46
D01950,2,20,5701.38
D01951,2,20,4726.60
D01967,2,22,6855.54
D01969,2,13,2401.11
D01971,2,15,3014.10
D01974,2,25,9863.51
D01975,2,20,7246.88
D01976,2,33,12388.34
D01983,2,19,7057.65
D01986,2,25,6372.58
D01987,2,29,8419.16
D01989,2,22,8817.81
D01994,2,27,5513.76
D01996,2,20,4855.49
D01998,2,23,4276.21
D02001,2,22,4531.46
D02005,2,27,8595.00
D02006,2,20,5378.73
D02007,2,24,11910.01
D02009,2,21,15197.86
D02015,2,19,3484.93
D02017,2,27,7083.52
D02027,2,14,4005.53
D02035,2,18,4780.48
D02037,2,22,5808.32
D02040,2,16,5000.45
D02041,2,20,6083.97
D02044,2,28,9303.58
D02046,2,18,6145.04
D02048,2,13,3942.45
D02049,2,14,3993.40
D02052,2,22,6932.31
D02054,2,19,6527.33
D02056,2,22,5185.56
D02073,2,19,4204.55
D02076,2,14,3960.69
D02078,2,22,4545.28
D02085,2,16,2803.73
D02097,2,14,5018.86
D02113,2,21,8364.87
D02114,2,21,7299.84
D02123,2,20,5598.58
D02133,2,23,5843.41
D02134,2,10,3173.58
D02137,2,18,2797.70
D02140,2,9,2584.53
D02145,2,26,6844.50
D02147,2,19,5117.57
D02155,2,13,1963.06
D02161,2,16,4166.23
D02172,2,21,7861.45
D02175,2,28,7977.09
D02178,2,22,4166.17
D02186,2,25,5134.11
D02187,2,22,6865.94
D02193,2,23,5592.68
D02199,2,12,2734.49
D02200,2,10,1946.96
D02210,2,23,7485.57
D02211,2,14,2988.66
D02212,2,18,5618.47
D02223,2,22,5464.49
